Iteration,Fitness,Paths
0,-8,0
1,-6,0
2,-4,0
3,-2,0
4,6.83442,5
5,7.2594,5
6,7.34275,5
7,7.66849,5
8,7.75182,5
9,7.91849,5
