Iteration,Fitness,Paths
0,6.08427,5
1,7.11891,5
2,7.32167,5
3,7.51215,5
4,7.63413,5
5,8.32857,5
6,8.34524,5
