Iteration,Fitness,Paths
0,-1,0
1,2.80177,2
2,3.23333,2
3,3.66667,2
