Iteration,Fitness,Paths
0,-3,0
1,-1,0
2,0,0
3,9.02122,6
4,9.49214,6
5,9.7827,6
6,10.1184,6
7,10.25,6
