Iteration,Fitness,Paths
0,-2,0
1,-1,0
2,6.47462,5
3,6.81986,5
4,7.05344,5
5,7.65235,5
6,7.79417,5
7,7.79568,5
