Iteration,Fitness,Paths
0,-2,0
1,-1,0
2,6.48905,5
3,6.95836,5
4,7.09009,5
5,7.18163,5
6,7.30544,5
7,7.69791,5
8,7.80377,5
