Iteration,Fitness,Paths
0,-4,0
1,-1,0
2,6.60508,5
3,6.93634,5
4,7.30521,5
5,7.96479,5
6,8.36661,5
