Iteration,Fitness,Paths
0,-1,0
1,-2,0
2,-1,0
3,-1,0
6,-1,0
7,-1,0
8,-1,0
9,-2,0
10,-3,0
11,-3,0
12,-2,0
14,-3,0
15,-2,0
16,-1,0
17,-1,0
19,-1,0
20,-1,0
21,-1,0
22,-2,0
23,-1,0
24,-2,0
25,-2,0
26,-1,0
27,-1,0
28,-1,0
29,-2,0
30,-2,0
31,-2,0
32,-2,0
33,-2,0
34,-3,0
35,-1,0
36,-2,0
37,-2,0
38,-2,0
39,-2,0
40,-1,0
41,-2,0
42,-2,0
43,-2,0
44,-2,0
45,-2,0
46,-2,0
47,-3,0
48,-3,0
49,-2,0
50,-2,0
52,-2,0
53,-2,0
54,-3,0
55,-3,0
56,-2,0
57,-2,0
58,-2,0
59,-2,0
60,-2,0
61,-3,0
62,-2,0
63,-2,0
64,-3,0
65,-2,0
66,-2,0
67,-2,0
68,-2,0
69,-2,0
70,-2,0
71,-2,0
72,-3,0
73,-3,0
74,-3,0
75,-3,0
76,-2,0
77,-3,0
78,-3,0
79,-3,0
80,-3,0
81,-3,0
82,-2,0
83,-2,0
84,-2,0
85,-3,0
86,-2,0
87,-2,0
88,-2,0
91,-3,0
92,-3,0
93,-3,0
94,-3,0
95,-3,0
96,-3,0
97,-3,0
98,-3,0
99,-2,0
100,-3,0
101,-3,0
102,-3,0
103,-3,0
104,-3,0
105,-3,0
106,-3,0
107,-2,0
108,-2,0
109,-3,0
110,-3,0
111,-2,0
113,-2,0
115,-2,0
116,-2,0
117,-3,0
118,-2,0
119,-1,0
121,-1,0
122,-2,0
123,-2,0
124,-1,0
127,-1,0
128,-2,0
129,-3,0
130,-3,0
131,-3,0
132,-2,0
133,-2,0
134,-3,0
135,-3,0
136,-3,0
137,-2,0
139,-2,0
140,-2,0
141,-3,0
142,-3,0
143,-3,0
144,-1,0
145,-1,0
146,-2,0
147,-1,0
148,-2,0
149,-2,0
150,-1,0
151,1.42857,1
152,1.47619,1
165,1.42857,1
185,-1,0
187,-1,0
190,-1,0
191,-1,0
193,-2,0
194,-1,0
196,-2,0
197,-2,0
198,-2,0
199,-1,0
201,2.97619,2
207,3.11538,2
217,2.97619,2
219,3.11538,2
225,2.97619,2
240,3.11538,2
242,3.01538,2
270,3.11538,2
320,3.01538,2
443,3.11538,2
496,2.97619,2
499,3.11538,2
517,3.01538,2
530,3.11538,2
667,3.01538,2
674,3.11538,2
866,2.97619,2
939,3.11538,2
