Iteration,Fitness,Paths
0,-2,0
1,-1,0
2,6.46677,5
3,6.81201,5
4,7.00934,5
5,7.68197,5
6,7.77137,5
7,7.808,5
